{
  "MANA/USDT LUNA/USDT SOL/USDT AVAX/USDT CELO/USDT": {
    "1h": {
      "1000": {
        "strategy_bollinger_breakout(plot=False, window=160, window_dev=0.5)": {
          "winrate": 21.518987341772153,
          "trades": 79,
          "losses": 62,
          "profits": 17,
          "percentage year profit": -65.89873006376986,
          "mean deviation": 3.1141214717970023,
          "Sharpe ratio": -1.464025025013718,
          "Sortino ratio": -2.006644364866144,
          "calmar ratio": -3.398358307806419,
          "max drawdown": 19.391342552782888,
          "profit/deviation ratio": -21.1612586922446
        },
        "strategy_bollinger_breakout(plot=False, window=160, window_dev=1)": {
          "winrate": 22.727272727272727,
          "trades": 44,
          "losses": 34,
          "profits": 10,
          "percentage year profit": -39.570515284725936,
          "mean deviation": 2.4061059074496205,
          "Sharpe ratio": 0.09608614832253788,
          "Sortino ratio": 0.12828622563588582,
          "calmar ratio": -2.5389416963656184,
          "max drawdown": 15.585436775239604,
          "profit/deviation ratio": -16.44587429099044
        },
        "strategy_bollinger_breakout(plot=False, window=160, window_dev=1.5)": {
          "winrate": 13.88888888888889,
          "trades": 36,
          "losses": 31,
          "profits": 5,
          "percentage year profit": -87.97161663359122,
          "mean deviation": 3.1953405337550054,
          "Sharpe ratio": -2.2259917952081048,
          "Sortino ratio": -2.820583162979438,
          "calmar ratio": -3.4080645832487226,
          "max drawdown": 25.81277862690403,
          "profit/deviation ratio": -27.531217941961057
        },
        "strategy_bollinger_breakout(plot=False, window=10, window_dev=0.5)": {
          "winrate": 33.693693693693696,
          "trades": 555,
          "losses": 367,
          "profits": 187,
          "percentage year profit": 1160.0337308525338,
          "mean deviation": 8.438946851736349,
          "Sharpe ratio": 0.8276007243495721,
          "Sortino ratio": 1.3391098786908873,
          "calmar ratio": 49.753578396733154,
          "max drawdown": 23.315583888307867,
          "profit/deviation ratio": 137.4619074196269
        },
        "strategy_bollinger_breakout(plot=False, window=10, window_dev=1)": {
          "winrate": 37.40831295843521,
          "trades": 409,
          "losses": 255,
          "profits": 153,
          "percentage year profit": 1331.1435337386208,
          "mean deviation": 7.181267864242588,
          "Sharpe ratio": 1.1481727860922901,
          "Sortino ratio": 1.8229744079392973,
          "calmar ratio": 69.80807571043869,
          "max drawdown": 19.068618067344456,
          "profit/deviation ratio": 185.36330337526232
        },
        "strategy_bollinger_breakout(plot=False, window=10, window_dev=1.5)": {
          "winrate": 38.51132686084142,
          "trades": 309,
          "losses": 190,
          "profits": 119,
          "percentage year profit": 797.5365701601147,
          "mean deviation": 7.0161927932629915,
          "Sharpe ratio": 0.3735301864883798,
          "Sortino ratio": 0.6042151197918825,
          "calmar ratio": 41.56429007345062,
          "max drawdown": 19.188023391010468,
          "profit/deviation ratio": 113.67084595023047
        },
        "strategy_bollinger_breakout(plot=False, window=110, window_dev=0.5)": {
          "winrate": 23.300970873786408,
          "trades": 103,
          "losses": 79,
          "profits": 24,
          "percentage year profit": -73.90921943931257,
          "mean deviation": 3.779186394636879,
          "Sharpe ratio": -1.8978107949624028,
          "Sortino ratio": -2.7233792563409978,
          "calmar ratio": -3.144240570159152,
          "max drawdown": 23.506222819194623,
          "profit/deviation ratio": -19.556912975818992
        },
        "strategy_bollinger_breakout(plot=False, window=110, window_dev=1)": {
          "winrate": 26.153846153846157,
          "trades": 65,
          "losses": 48,
          "profits": 17,
          "percentage year profit": -78.2191492922611,
          "mean deviation": 3.755738786173274,
          "Sharpe ratio": -1.4573986678989697,
          "Sortino ratio": -2.011909301171537,
          "calmar ratio": -3.0612060100524996,
          "max drawdown": 25.551743017425878,
          "profit/deviation ratio": -20.82656801911367
        },
        "strategy_bollinger_breakout(plot=False, window=110, window_dev=1.5)": {
          "winrate": 19.51219512195122,
          "trades": 41,
          "losses": 33,
          "profits": 8,
          "percentage year profit": -12.1125181536057,
          "mean deviation": 3.0451647151713788,
          "Sharpe ratio": -0.4019539746963713,
          "Sortino ratio": -0.5660770910034568,
          "calmar ratio": -0.7423417959942665,
          "max drawdown": 16.316632336971704,
          "profit/deviation ratio": -3.977623309918071
        },
        "strategy_bollinger_breakout(plot=False, window=210, window_dev=0.5)": {
          "winrate": 20.3125,
          "trades": 64,
          "losses": 51,
          "profits": 13,
          "percentage year profit": -49.84490479759581,
          "mean deviation": 2.603122810045475,
          "Sharpe ratio": -0.6516834134362345,
          "Sortino ratio": -0.8874671200164757,
          "calmar ratio": -3.076377484853421,
          "max drawdown": 16.20246703891436,
          "profit/deviation ratio": -19.148118792261304
        },
        "strategy_bollinger_breakout(plot=False, window=210, window_dev=1)": {
          "winrate": 18.181818181818183,
          "trades": 44,
          "losses": 36,
          "profits": 8,
          "percentage year profit": -92.02800807221173,
          "mean deviation": 3.2467735615345736,
          "Sharpe ratio": -2.41684428965429,
          "Sortino ratio": -3.0881101388647623,
          "calmar ratio": -3.048498664916106,
          "max drawdown": 30.1879771611264,
          "profit/deviation ratio": -28.344449136365114
        },
        "strategy_bollinger_breakout(plot=False, window=210, window_dev=1.5)": {
          "winrate": 16.666666666666664,
          "trades": 30,
          "losses": 25,
          "profits": 5,
          "percentage year profit": -78.85706225309507,
          "mean deviation": 3.925547329016568,
          "Sharpe ratio": -1.5379655905844396,
          "Sortino ratio": -1.9336471975188978,
          "calmar ratio": -3.0466317745035933,
          "max drawdown": 25.883358439647253,
          "profit/deviation ratio": -20.088170041972315
        },
        "strategy_bollinger_breakout(plot=False, window=60, window_dev=0.5)": {
          "winrate": 30.434782608695656,
          "trades": 138,
          "losses": 96,
          "profits": 42,
          "percentage year profit": 0.8718420480132272,
          "mean deviation": 4.053326978338427,
          "Sharpe ratio": 0.1680762842720883,
          "Sortino ratio": 0.2492406976670541,
          "calmar ratio": 0.04052225357877509,
          "max drawdown": 21.515142200035097,
          "profit/deviation ratio": 0.21509294776179635
        },
        "strategy_bollinger_breakout(plot=False, window=60, window_dev=1)": {
          "winrate": 36.0,
          "trades": 100,
          "losses": 64,
          "profits": 36,
          "percentage year profit": -89.90702317887225,
          "mean deviation": 6.28346160922626,
          "Sharpe ratio": -1.7677097951933864,
          "Sortino ratio": -2.4272072007917544,
          "calmar ratio": -2.7490789944478955,
          "max drawdown": 32.704416046410664,
          "profit/deviation ratio": -14.308517942857828
        },
        "strategy_bollinger_breakout(plot=False, window=60, window_dev=1.5)": {
          "winrate": 42.1875,
          "trades": 64,
          "losses": 37,
          "profits": 27,
          "percentage year profit": -9.173582934918635,