{
  "GALA/USDT SLP/USDT": {
    "1h": {
      "1000": {
        "strategy_bollinger_breakout(plot=False, window=160, window_dev=0.5)": {
          "winrate": 19.444444444444446,
          "trades": 36,
          "losses": 29,
          "profits": 7,
          "percentage year profit": 103.89307978794302,
          "mean deviation": 22.1434823541445,
          "Sharpe ratio": 2.182982355181997,
          "Sortino ratio": 3.0461421727172313,
          "calmar ratio": 2.1722467580861413,
          "max drawdown": 47.82747604580524,
          "profit/deviation ratio": 4.691813063833558
        },
        "strategy_bollinger_breakout(plot=False, window=160, window_dev=1)": {
          "winrate": 33.33333333333333,
          "trades": 18,
          "losses": 12,
          "profits": 6,
          "percentage year profit": 1266.6632468912794,
          "mean deviation": 13.51925913590866,
          "Sharpe ratio": 3.537617332390243,
          "Sortino ratio": 4.914660836693715,
          "calmar ratio": 37.10690686089388,
          "max drawdown": 34.13551152726736,
          "profit/deviation ratio": 93.69324414581865
        },
        "strategy_bollinger_breakout(plot=False, window=160, window_dev=1.5)": {
          "winrate": 27.27272727272727,
          "trades": 11,
          "losses": 8,
          "profits": 3,
          "percentage year profit": 17928.785457043843,
          "mean deviation": 13.953247258504314,
          "Sharpe ratio": 4.760106845188521,
          "Sortino ratio": 6.568798497126051,
          "calmar ratio": 680.1192186020658,
          "max drawdown": 26.361239274924653,
          "profit/deviation ratio": 1284.9184942319782
        },
        "strategy_bollinger_breakout(plot=False, window=10, window_dev=0.5)": {
          "winrate": 33.17972350230415,
          "trades": 217,
          "losses": 143,
          "profits": 72,
          "percentage year profit": 701943.8387124699,
          "mean deviation": 12.476949441677263,
          "Sharpe ratio": 5.84942707062446,
          "Sortino ratio": 9.189226638069144,
          "calmar ratio": 37355.75901952839,
          "max drawdown": 18.79077971205233,
          "profit/deviation ratio": 56259.25166994252
        },
        "strategy_bollinger_breakout(plot=False, window=10, window_dev=1)": {
          "winrate": 36.36363636363637,
          "trades": 165,
          "losses": 105,
          "profits": 60,
          "percentage year profit": 55506.728616873,
          "mean deviation": 13.067403277027159,
          "Sharpe ratio": 5.0731117811710895,
          "Sortino ratio": 7.978154115111383,
          "calmar ratio": 2243.613107359115,
          "max drawdown": 24.739884267394118,
          "profit/deviation ratio": 4247.724466761908
        },
        "strategy_bollinger_breakout(plot=False, window=10, window_dev=1.5)": {
          "winrate": 34.92063492063492,
          "trades": 126,
          "losses": 82,
          "profits": 44,
          "percentage year profit": 1410.4432431557368,
          "mean deviation": 12.753449827902521,
          "Sharpe ratio": 2.39410121400536,
          "Sortino ratio": 3.6876762914797183,
          "calmar ratio": 40.42266165643882,
          "max drawdown": 34.89238920344749,
          "profit/deviation ratio": 110.59307577075428
        },
        "strategy_bollinger_breakout(plot=False, window=110, window_dev=0.5)": {
          "winrate": 21.052631578947366,
          "trades": 38,
          "losses": 30,
          "profits": 8,
          "percentage year profit": 900.0768470846925,
          "mean deviation": 21.36869033516707,
          "Sharpe ratio": 3.27347747857963,
          "Sortino ratio": 4.65727081178006,
          "calmar ratio": 21.80354383562496,
          "max drawdown": 41.281218038237014,
          "profit/deviation ratio": 42.12129208514993
        },
        "strategy_bollinger_breakout(plot=False, window=110, window_dev=1)": {
          "winrate": 31.57894736842105,
          "trades": 19,
          "losses": 13,
          "profits": 6,
          "percentage year profit": 15561.937187468815,
          "mean deviation": 14.971016006271814,
          "Sharpe ratio": 4.779329422211999,
          "Sortino ratio": 6.796315309448269,
          "calmar ratio": 754.6276096036567,
          "max drawdown": 20.622008775483593,
          "profit/deviation ratio": 1039.471013921129
        },
        "strategy_bollinger_breakout(plot=False, window=110, window_dev=1.5)": {
          "winrate": 29.411764705882355,
          "trades": 17,
          "losses": 12,
          "profits": 5,
          "percentage year profit": 2220.102642595841,
          "mean deviation": 15.97049103136401,
          "Sharpe ratio": 3.300451892693175,
          "Sortino ratio": 4.741096196708974,
          "calmar ratio": 70.74292673879027,
          "max drawdown": 31.382680148268427,
          "profit/deviation ratio": 139.01279793062358
        },
        "strategy_bollinger_breakout(plot=False, window=210, window_dev=0.5)": {
          "winrate": 29.166666666666668,
          "trades": 24,
          "losses": 17,
          "profits": 7,
          "percentage year profit": 11675.007061238726,
          "mean deviation": 14.763246103502455,
          "Sharpe ratio": 4.849978623613737,
          "Sortino ratio": 6.946826189200967,
          "calmar ratio": 369.55747323691753,
          "max drawdown": 31.591857577600823,
          "profit/deviation ratio": 790.8157175859129
        },
        "strategy_bollinger_breakout(plot=False, window=210, window_dev=1)": {
          "winrate": 31.25,
          "trades": 16,
          "losses": 11,
          "profits": 5,
          "percentage year profit": 4900.67340267496,
          "mean deviation": 15.236417110694209,
          "Sharpe ratio": 3.925817968303326,
          "Sortino ratio": 5.510969042963285,
          "calmar ratio": 162.21088152316563,
          "max drawdown": 30.211742619591686,
          "profit/deviation ratio": 321.64211356718846
        },
        "strategy_bollinger_breakout(plot=False, window=210, window_dev=1.5)": {
          "winrate": 27.27272727272727,
          "trades": 11,
          "losses": 8,
          "profits": 3,
          "percentage year profit": 1678.4797405720021,
          "mean deviation": 14.551587890432593,
          "Sharpe ratio": 3.127584523553704,
          "Sortino ratio": 4.408734523348063,
          "calmar ratio": 48.96521021981058,
          "max drawdown": 34.27902653817087,
          "profit/deviation ratio": 115.34684415269706
        },
        "strategy_bollinger_breakout(plot=False, window=60, window_dev=0.5)": {
          "winrate": 27.083333333333332,
          "trades": 48,
          "losses": 35,
          "profits": 13,
          "percentage year profit": 296.2355892277197,
          "mean deviation": 17.231719396675658,
          "Sharpe ratio": 2.7819562979847605,
          "Sortino ratio": 3.943503235374277,
          "calmar ratio": 8.182471606488232,
          "max drawdown": 36.2036806816197,
          "profit/deviation ratio": 17.191296028466517
        },
        "strategy_bollinger_breakout(plot=False, window=60, window_dev=1)": {
          "winrate": 25.806451612903224,
          "trades": 31,
          "losses": 23,
          "profits": 8,
          "percentage year profit": 25.56397984994725,
          "mean deviation": 20.43496694852546,
          "Sharpe ratio": 2.413566253824018,
          "Sortino ratio": 3.339589877997151,
          "calmar ratio": 0.5507739959797676,
          "max drawdown": 46.414645637856744,
          "profit/deviation ratio": 1.2509919841975514
        },
        "strategy_bollinger_breakout(plot=False, window=60, window_dev=1.5)": {
          "winrate": 26.08695652173913,
          "trades": 23,
          "losses": 17,
          "profits": 6,
          "percentage year profit": 1036.3623629959593,
          "mean deviation": 19.73510514133961,
          "Sharpe ratio": 3.0509635909328425,