{
  "ticker: BTC/USDT ETH/USDT ETC/USDT LTC/USDT, interval: 1h, limit: 1000 :: strategy_bollinger_breakout(window=1, window_dev=1)": {
    "winrate": 0,
    "trades": 0,
    "losses": 0,
    "profits": 0,
    "percentage year profit": 16.73408727074486,
    "mean deviation": 22.340180673157516,
    "Sharpe ratio": 0.29708168675948005,
    "Sortino ratio": 0.3938833149377141,
    "calmar ratio": 0.22581682885859167,
    "max drawdown": 74.10469518737189,
    "profit/deviation ratio": 0.7490578306222667
  },
  "ticker: BTC/USDT ETH/USDT ETC/USDT LTC/USDT, interval: 1h, limit: 1000 :: strategy_bollinger_breakout(window=3, window_dev=1)": {
    "winrate": 31.15453206171978,
    "trades": 25794,
    "losses": 17714,
    "profits": 8036,
    "percentage year profit": -99.4210724764272,
    "mean deviation": 25.72638118088555,
    "Sharpe ratio": -10.221999428807614,
    "Sortino ratio": -15.369431656325569,
    "calmar ratio": -0.9942130570839237,
    "max drawdown": 99.99976541047866,
    "profit/deviation ratio": -3.864557233191277
  },
  "ticker: BTC/USDT ETH/USDT ETC/USDT LTC/USDT, interval: 1h, limit: 1000 :: strategy_bollinger_breakout(window=9, window_dev=1)": {
    "winrate": 30.727619855748834,
    "trades": 9428,
    "losses": 6525,
    "profits": 2897,
    "percentage year profit": -87.91677908280973,
    "mean deviation": 20.021469407246595,
    "Sharpe ratio": -4.313076107092179,
    "Sortino ratio": -6.408568641092942,
    "calmar ratio": -0.8827066598338755,
    "max drawdown": 99.59908889704715,
    "profit/deviation ratio": -4.391125211368803
  },
  "ticker: BTC/USDT ETH/USDT ETC/USDT LTC/USDT, interval: 1h, limit: 1000 :: strategy_bollinger_breakout(window=4, window_dev=1)": {
    "winrate": 30.99941740373921,
    "trades": 18881,
    "losses": 13013,
    "profits": 5853,
    "percentage year profit": -97.21587877917663,
    "mean deviation": 20.60760776873237,
    "Sharpe ratio": -7.352602850207767,
    "Sortino ratio": -11.047893727991664,
    "calmar ratio": -0.9722432819680986,
    "max drawdown": 99.99130935868631,
    "profit/deviation ratio": -4.717475209649559
  },
  "ticker: BTC/USDT ETH/USDT ETC/USDT LTC/USDT, interval: 1h, limit: 1000 :: strategy_bollinger_breakout(window=10, window_dev=1)": {
    "winrate": 31.03649976602714,
    "trades": 8548,
    "losses": 5890,
    "profits": 2653,
    "percentage year profit": -82.74201192673145,
    "mean deviation": 16.545724280848976,
    "Sharpe ratio": -3.6701805993235417,
    "Sortino ratio": -5.446558346593875,
    "calmar ratio": -0.8349333075168677,
    "max drawdown": 99.10014510357746,
    "profit/deviation ratio": -5.000809304099311
  },
  "ticker: BTC/USDT ETH/USDT ETC/USDT LTC/USDT, interval: 1h, limit: 1000 :: strategy_bollinger_breakout(window=8, window_dev=1)": {
    "winrate": 30.67443637753152,
    "trades": 10468,
    "losses": 7254,
    "profits": 3211,
    "percentage year profit": -88.02245203752302,
    "mean deviation": 17.286564623857352,
    "Sharpe ratio": -4.257296221189246,
    "Sortino ratio": -6.325332498318099,
    "calmar ratio": -0.8837731698796064,
    "max drawdown": 99.59846602891785,
    "profit/deviation ratio": -5.091957479859381
  },
  "ticker: BTC/USDT ETH/USDT ETC/USDT LTC/USDT, interval: 1h, limit: 1000 :: strategy_bollinger_breakout(window=7, window_dev=1)": {
    "winrate": 30.81016134569173,
    "trades": 11652,
    "losses": 8057,
    "profits": 3590,
    "percentage year profit": -89.91578382739507,
    "mean deviation": 14.670234836602036,
    "Sharpe ratio": -4.762512821465633,
    "Sortino ratio": -7.118243343861167,
    "calmar ratio": -0.901166553531822,
    "max drawdown": 99.77709833437574,
    "profit/deviation ratio": -6.129130503286588
  },
  "ticker: BTC/USDT ETH/USDT ETC/USDT LTC/USDT, interval: 1h, limit: 1000 :: strategy_bollinger_breakout(window=5, window_dev=1)": {
    "winrate": 31.472507591910574,
    "trades": 15477,
    "losses": 10596,
    "profits": 4871,
    "percentage year profit": -94.31990523036899,
    "mean deviation": 14.066061526049921,
    "Sharpe ratio": -6.053993106924296,
    "Sortino ratio": -9.100166766529306,
    "calmar ratio": -0.9435918841068314,
    "max drawdown": 99.95836846312923,
    "profit/deviation ratio": -6.70549499983996
  },
  "ticker: BTC/USDT ETH/USDT ETC/USDT LTC/USDT, interval: 1h, limit: 1000 :: strategy_bollinger_breakout(window=2, window_dev=1)": {
    "winrate": 31.425723341171658,
    "trades": 39124,
    "losses": 26597,
    "profits": 12295,
    "percentage year profit": -99.92803042772974,
    "mean deviation": 14.101309926231695,
    "Sharpe ratio": -15.891590572778375,
    "Sortino ratio": -23.325437918619333,
    "calmar ratio": -0.9992803229821543,
    "max drawdown": 99.99999812816719,
    "profit/deviation ratio": -7.086436008461917
  },
  "ticker: BTC/USDT ETH/USDT ETC/USDT LTC/USDT, interval: 1h, limit: 1000 :: strategy_bollinger_breakout(window=6, window_dev=1)": {
    "winrate": 31.235396095575492,
    "trades": 13267,
    "losses": 9114,
    "profits": 4144,
    "percentage year profit": -91.37927404709048,
    "mean deviation": 11.357785989992236,
    "Sharpe ratio": -5.237960737979183,
    "Sortino ratio": -7.8510402944918685,
    "calmar ratio": -0.9148908250290958,
    "max drawdown": 99.87997643782731,
    "profit/deviation ratio": -8.045518213462389
  }
}