{
  "BTC/USDT ETH/USDT ETC/USDT LTC/USDT": {
    "1h": {
      "1000": {
        "strategy_bollinger_breakout(window=1, window_dev=1)": {
          "winrate": 0,
          "trades": 0,
          "losses": 0,
          "profits": 0,
          "percentage year profit": 1343.566678610404,
          "mean deviation": 23.598369121138116,
          "Sharpe ratio": 3.4967125813272664,
          "Sortino ratio": 4.60451843339121,
          "calmar ratio": 23.750381135294006,
          "max drawdown": 56.570320743771596,
          "profit/deviation ratio": 56.934725942858115
        },
        "strategy_bollinger_breakout(window=2, window_dev=1)": {
          "winrate": 33.08560171919771,
          "trades": 11168,
          "losses": 7456,
          "profits": 3695,
          "percentage year profit": -99.99995277319223,
          "mean deviation": 112521.39183035502,
          "Sharpe ratio": -2.8568297643664318,
          "Sortino ratio": -2.501284061722834,
          "calmar ratio": -0.9668369153195643,
          "max drawdown": 103.43001098602001,
          "profit/deviation ratio": -0.00088871947943871
        },
        "strategy_bollinger_breakout(window=3, window_dev=1)": {
          "winrate": 32.618806875631954,
          "trades": 9890,
          "losses": 6663,
          "profits": 3226,
          "percentage year profit": -99.80323602414988,
          "mean deviation": 11.843011554048612,
          "Sharpe ratio": -9.217923905641914,
          "Sortino ratio": -13.899327461229309,
          "calmar ratio": -0.9995251115133764,
          "max drawdown": 99.85065395009262,
          "profit/deviation ratio": -8.427183877063051
        },
        "strategy_bollinger_breakout(window=4, window_dev=1)": {
          "winrate": 31.595702347791484,
          "trades": 7539,
          "losses": 5155,
          "profits": 2382,
          "percentage year profit": -99.47302475220077,
          "mean deviation": 12.412693201039998,
          "Sharpe ratio": -7.808457239182964,
          "Sortino ratio": -12.116619174433328,
          "calmar ratio": -0.9987993607209671,
          "max drawdown": 99.59259953910842,
          "profit/deviation ratio": -8.013814821739606
        },
        "strategy_bollinger_breakout(window=5, window_dev=1)": {
          "winrate": 31.806325399413105,
          "trades": 6134,
          "losses": 4182,
          "profits": 1951,
          "percentage year profit": -98.54839071912906,
          "mean deviation": 6.489749765108383,
          "Sharpe ratio": -6.5174864471217875,
          "Sortino ratio": -9.936901193450845,
          "calmar ratio": -0.9952077729310947,
          "max drawdown": 99.02293108994061,
          "profit/deviation ratio": -15.185237379870415
        },
        "strategy_bollinger_breakout(window=6, window_dev=1)": {
          "winrate": 31.574923547400612,
          "trades": 5232,
          "losses": 3579,
          "profits": 1652,
          "percentage year profit": -94.87656194191341,
          "mean deviation": 18.931505619986044,
          "Sharpe ratio": -5.249935960065958,
          "Sortino ratio": -8.129624063244657,
          "calmar ratio": -0.9711179561639786,
          "max drawdown": 97.6982881839464,
          "profit/deviation ratio": -5.011569805718566
        },
        "strategy_bollinger_breakout(window=7, window_dev=1)": {
          "winrate": 31.540825285338016,
          "trades": 4556,
          "losses": 3117,
          "profits": 1437,
          "percentage year profit": -90.7076664002071,
          "mean deviation": 16.835158310683806,
          "Sharpe ratio": -4.436925500794826,
          "Sortino ratio": -6.888175931062532,
          "calmar ratio": -0.9450315358131626,
          "max drawdown": 95.98374547591865,
          "profit/deviation ratio": -5.387990105364371
        },
        "strategy_bollinger_breakout(window=8, window_dev=1)": {
          "winrate": 31.265326140264836,
          "trades": 4078,
          "losses": 2803,
          "profits": 1275,
          "percentage year profit": -89.8818654908732,
          "mean deviation": 15.360899459284655,
          "Sharpe ratio": -4.057674490267088,
          "Sortino ratio": -6.269914906796854,
          "calmar ratio": -0.9491296036096438,
          "max drawdown": 94.69925408399719,
          "profit/deviation ratio": -5.851341305182849
        },
        "strategy_bollinger_breakout(window=9, window_dev=1)": {
          "winrate": 31.477398015435504,
          "trades": 3628,
          "losses": 2485,
          "profits": 1142,
          "percentage year profit": -74.16476705641684,
          "mean deviation": 21.084487483383814,
          "Sharpe ratio": -2.6662267901699166,
          "Sortino ratio": -4.16385417497415,
          "calmar ratio": -0.8541701587773372,
          "max drawdown": 86.82668938303418,
          "profit/deviation ratio": -3.5175039049378998
        }
      }
    }
  }
}